[{"username":"Musashi_Haruto","verified":"false","history1":{"service1":0,"search1":"","result1":""},"history2":{"service2":0,"search2":"","result2":""},"history3":{"service3":0,"search3":"","result3":""},"history4":{"service4":0,"search4":"","result4":""},"history5":{"service5":0,"search5":"","result5":""},"history6":{"service6":0,"search6":"","result6":""},"history7":{"service7":0,"search7":"","result7":""},"history8":{"service8":0,"search8":"","result8":""},"history9":{"service9":0,"search9":"","result9":""},"history10":{"service10":0,"search10":"","result10":""},"historyIndex":0},{"username":"Test1","verified":"false","history1":{"service1":0,"search1":"","result1":""},"history2":{"service2":0,"search2":"","result2":""},"history3":{"service3":0,"search3":"","result3":""},"history4":{"service4":0,"search4":"","result4":""},"history5":{"service5":0,"search5":"","result5":""},"history6":{"service6":0,"search6":"","result6":""},"history7":{"service7":0,"search7":"","result7":""},"history8":{"service8":0,"search8":"","result8":""},"history9":{"service9":0,"search9":"","result9":""},"history10":{"service10":0,"search10":"","result10":""},"historyIndex":0},{"username":"Jelio123","verified":"false","history1":{"service1":"1","search1":"google.com","result1":"\n\n\n\tRunning scan on: \n\ngoogle.com\n\n\t.<br> <strong>PORT<\/strong> <strong>STATE<\/strong> <br>\n\n80\n\n\t\t\/tcp    open \n\t\n"},"history2":{"service2":"1","search2":"google.com","result2":"\n\n\n\tRunning scan on: \n\ngoogle.com\n\n\t.<br> <strong>PORT<\/strong> <strong>STATE<\/strong> <br>\n\n80\n\n\t\topen \n\t\n"},"history3":{"service3":"1","search3":"google.com","result3":"\n\n\n\tRunning scan on: \n\ngoogle.com\n\n\t.<br><pre> <strong>PORT<\/strong>      <strong>STATE<\/strong> <br>\n\n80\n\n\t\t    open <\/pre>\n\t\n"},"history4":{"service4":"1","search4":"google.com","result4":"\n\n\n\tRunning scan on: \n\ngoogle.com\n\n\t.<br><pre> <strong>PORT<\/strong>      <strong>STATE<\/strong> <\/pre><br><pre>\n80\n\n\t\topen <\/pre>\n\t\n"},"history5":{"service5":"1","search5":"google.com","result5":"\n\n\n\tRunning scan on: \n\ngoogle.com\n\n\t.<br><pre> <strong>PORT<\/strong>      <strong>STATE<\/strong> <\/pre><br>\n\n80\n\n\t\topen\n\t\n"},"history6":{"service6":"1","search6":"google.com","result6":"\n\n\n\tRunning scan on: \n\ngoogle.com\n\n\t.<br><strong><z>PORT<\/z><\/strong>      <strong><z>STATE<z><\/z><\/z><\/strong><br><z>\n\n80\n\n\t\t<\/z><z>open<\/z>\n\t\n"},"history7":{"service7":"1","search7":"google.com","result7":"\n\n\n\tRunning scan on: \n\ngoogle.com\n\n\t.<br><strong><z>PORT<\/z><\/strong><strong><z>STATE<z><\/z><\/z><\/strong><br><z>\n\n80\n\n\t\t<\/z><z>open<\/z>\n\t\n"},"history8":{"service8":"1","search8":"google.com","result8":"\n\n\n\tRunning scan on: \n\ngoogle.com\n\n\t.<br><strong><z>PORT<\/z><\/strong><strong><z>STATE<z><\/z><\/z><\/strong><br><x>\n\n80\n\n\t\t<\/x><z>open<\/z>\n\t\n"},"history9":{"service9":"1","search9":"google.com","result9":"\n\n\n\tRunning scan on: \n\ngoogle.com\n\n\t.<br \/> <strong>PORT<\/strong> "},"history10":{"service10":"2","search10":"www.tpp2.com","result10":"\n\nhttp:\/\/www.tpp2.com\/admin.html\n\n\t\t\t- exists<br>\n\t\t\nhttp:\/\/www.tpp2.com\/admin\/\n\n\t\t\t- exists<br>\n\t\t\nhttp:\/\/www.tpp2.com\/admin\/login.html\n\n\t\t\t- exists<br>\n\t\t\nhttp:\/\/www.tpp2.com\/controlpanel\/\n\n\t\t\t- exists<br>\n\t\t\nhttp:\/\/www.tpp2.com\/login.html\n\n\t\t\t- exists<br>\n\t\t\nhttp:\/\/www.tpp2.com\/user.html\n\n\t\t\t- exists<br>\n\t\t\n"},"historyIndex":18},{"username":"yes","verified":"false","history1":{"service1":0,"search1":"","result1":""},"history2":{"service2":0,"search2":"","result2":""},"history3":{"service3":0,"search3":"","result3":""},"history4":{"service4":0,"search4":"","result4":""},"history5":{"service5":0,"search5":"","result5":""},"history6":{"service6":0,"search6":"","result6":""},"history7":{"service7":0,"search7":"","result7":""},"history8":{"service8":0,"search8":"","result8":""},"history9":{"service9":0,"search9":"","result9":""},"history10":{"service10":0,"search10":"","result10":""},"historyIndex":0},{"username":"sdghs","verified":"false","history1":{"service1":0,"search1":"","result1":""},"history2":{"service2":0,"search2":"","result2":""},"history3":{"service3":0,"search3":"","result3":""},"history4":{"service4":0,"search4":"","result4":""},"history5":{"service5":0,"search5":"","result5":""},"history6":{"service6":0,"search6":"","result6":""},"history7":{"service7":0,"search7":"","result7":""},"history8":{"service8":0,"search8":"","result8":""},"history9":{"service9":0,"search9":"","result9":""},"history10":{"service10":0,"search10":"","result10":""},"historyIndex":0},{"username":"yes12354","verified":"false","history1":{"service1":0,"search1":"","result1":""},"history2":{"service2":0,"search2":"","result2":""},"history3":{"service3":0,"search3":"","result3":""},"history4":{"service4":0,"search4":"","result4":""},"history5":{"service5":0,"search5":"","result5":""},"history6":{"service6":0,"search6":"","result6":""},"history7":{"service7":0,"search7":"","result7":""},"history8":{"service8":0,"search8":"","result8":""},"history9":{"service9":0,"search9":"","result9":""},"history10":{"service10":0,"search10":"","result10":""},"historyIndex":0},{"username":"asda","verified":"false","history1":{"service1":0,"search1":"","result1":""},"history2":{"service2":0,"search2":"","result2":""},"history3":{"service3":0,"search3":"","result3":""},"history4":{"service4":0,"search4":"","result4":""},"history5":{"service5":0,"search5":"","result5":""},"history6":{"service6":0,"search6":"","result6":""},"history7":{"service7":0,"search7":"","result7":""},"history8":{"service8":0,"search8":"","result8":""},"history9":{"service9":0,"search9":"","result9":""},"history10":{"service10":0,"search10":"","result10":""},"historyIndex":0},{"username":"agasga","verified":"false","history1":{"service1":0,"search1":"","result1":""},"history2":{"service2":0,"search2":"","result2":""},"history3":{"service3":0,"search3":"","result3":""},"history4":{"service4":0,"search4":"","result4":""},"history5":{"service5":0,"search5":"","result5":""},"history6":{"service6":0,"search6":"","result6":""},"history7":{"service7":0,"search7":"","result7":""},"history8":{"service8":0,"search8":"","result8":""},"history9":{"service9":0,"search9":"","result9":""},"history10":{"service10":0,"search10":"","result10":""},"historyIndex":0},{"username":"\u0441\u0430\u0430\u0433","verified":"false","history1":{"service1":0,"search1":"","result1":""},"history2":{"service2":0,"search2":"","result2":""},"history3":{"service3":0,"search3":"","result3":""},"history4":{"service4":0,"search4":"","result4":""},"history5":{"service5":0,"search5":"","result5":""},"history6":{"service6":0,"search6":"","result6":""},"history7":{"service7":0,"search7":"","result7":""},"history8":{"service8":0,"search8":"","result8":""},"history9":{"service9":0,"search9":"","result9":""},"history10":{"service10":0,"search10":"","result10":""},"historyIndex":0},{"username":"alabala","verified":"false","history1":{"service1":0,"search1":"","result1":""},"history2":{"service2":0,"search2":"","result2":""},"history3":{"service3":0,"search3":"","result3":""},"history4":{"service4":0,"search4":"","result4":""},"history5":{"service5":0,"search5":"","result5":""},"history6":{"service6":0,"search6":"","result6":""},"history7":{"service7":0,"search7":"","result7":""},"history8":{"service8":0,"search8":"","result8":""},"history9":{"service9":0,"search9":"","result9":""},"history10":{"service10":0,"search10":"","result10":""},"historyIndex":0},{"username":"alasdaiowjda","verified":"false","history1":{"service1":0,"search1":"","result1":""},"history2":{"service2":0,"search2":"","result2":""},"history3":{"service3":0,"search3":"","result3":""},"history4":{"service4":0,"search4":"","result4":""},"history5":{"service5":0,"search5":"","result5":""},"history6":{"service6":0,"search6":"","result6":""},"history7":{"service7":0,"search7":"","result7":""},"history8":{"service8":0,"search8":"","result8":""},"history9":{"service9":0,"search9":"","result9":""},"history10":{"service10":0,"search10":"","result10":""},"historyIndex":0},{"username":"Test1","verified":"false","history1":{"service1":0,"search1":"","result1":""},"history2":{"service2":0,"search2":"","result2":""},"history3":{"service3":0,"search3":"","result3":""},"history4":{"service4":0,"search4":"","result4":""},"history5":{"service5":0,"search5":"","result5":""},"history6":{"service6":0,"search6":"","result6":""},"history7":{"service7":0,"search7":"","result7":""},"history8":{"service8":0,"search8":"","result8":""},"history9":{"service9":0,"search9":"","result9":""},"history10":{"service10":0,"search10":"","result10":""},"historyIndex":0}]